Colonne1,name,nickname
1,Aaron,Erin
2,Aaron,Ron
3,Aaron,Ronnie
4,Abel,Ab
5,Abel,Abe
6,Abel,Eb
7,Abel,Ebbie
8,Abiel,Ab
9,Abigail,Abby
10,Abigail,Gail
11,Abigail,Nabby
12,Abner,Ab
13,Abraham,Ab
14,Abraham,Abe
15,Abram,Ab
16,Adaline,Ada
17,Adaline,Addy
18,Adaline,Delia
19,Adaline,Dell
20,Adaline,Lena
21,Adelaide,Addy
22,Adelaide,Adele
23,Adelaide,Dell
24,Adelaide,Della
25,Adelaide,Heidi
26,Adeline,Ada
27,Adeline,Addy
28,Adeline,Delia
29,Adeline,Dell
30,Adeline,Lena
31,Adelphia,Addy
32,Adelphia,Adele
33,Adelphia,Dell
34,Adelphia,Delphia
35,Adelphia,Philly
36,Agatha,Aggy
37,Agnes,Aggy
38,Agnes,Inez
39,Agnes,Nessa
40,Aileen,Allie
41,Aileen,Lena
42,Alan,Al
43,Albert,Al
44,Albert,Bert
45,Alberta,Allie
46,Alberta,Bert
47,Alberta,Bertie
48,Aldo,Al
49,Aldrich,Rich
50,Aldrich,Riche
51,Alexander,Al
52,Alexander,Alex
53,Alexander,Sandy
54,Alexandra,Alex
55,Alexandra,Alla
56,Alexandra,Sandra
57,Alexandra,Sandy
58,Alfonse,Al
59,Alfred,Al
60,Alfred,Fred
61,Alfred,Freddy
62,Alfreda,Alfy
63,Alfreda,Freda
64,Alfreda,Freddy
65,Alfreda,Frieda
66,Alice,Allie
67,Alice,Elsie
68,Alice,Lisa
69,Alicia,Allie
70,Alicia,Elsie
71,Alicia,Lisa
72,Allan,Al
73,Allen,Al
74,Allisandra,Allie
75,Almena,Allie
76,Almena,Mena
77,Alonzo,Al
78,Alonzo,Lon
79,Alonzo,Lonzo
80,Amanda,Manda
81,Amanda,Mandy
82,Amelia,Amy
83,Amelia,Emily
84,Amelia,Mel
85,Amelia,Millie
86,Anderson,Andy
87,Andrew,Andy
88,Andrew,Drew
89,Ann,Annie
90,Ann,Nan
91,Ann,Nana
92,Ann,Nancy
93,Ann,Nanny
94,Anne,Annie
95,Anne,Nan
96,Anne,Nana
97,Anne,Nancy
98,Anne,Nanny
99,Anthony,Tony
100,Antoinette,Ann
101,Antoinette,Netta
102,Antoinette,Tony
103,Antonia,Ann
104,Antonia,Netta
105,Antonia,Tony
106,Arabella,Ara
107,Arabella,Arry
108,Arabella,Bella
109,Arabella,Belle
110,Arabelle,Ara
111,Arabelle,Arry
112,Arabelle,Bella
113,Arabelle,Belle
114,Archibald,Archie
115,Arlene,Arly
116,Arlene,Lena
117,Armena,Arry
118,Armena,Mena
119,Arthur,Art
120,Asahel,Asa
121,Asaph,Asa
122,Asenath,Assene
123,Asenath,Natty
124,Asenath,Sene
125,August,Gus
126,Augusta,Aggy
127,Augusta,Gatsy
128,Augusta,Gussie
129,Augusta,Tina
130,Augustina,Aggy
131,Augustina,Gatsy
132,Augustina,Gussie
133,Augustina,Tina
134,Augustine,August
135,Augustine,Austin
136,Augustine,Gus
137,Augustine,Gus
138,Augustus,August
139,Augustus,Austin
140,Augustus,Gus
141,Azariah,Aze
142,Azariah,Riah
143,Barbara,Bab
144,Barbara,Babs
145,Barbara,Barby
146,Barbara,Bobbie
147,Barnabas,Barney
148,Bartholomew,Bart
149,Bartholomew,Bartel
150,Bartholomew,Bat
151,Bartholomew,Mees
152,Bartholomew,Meus
153,Beatrice,Bea
154,Beatrice,Trisha
155,Beatrice,Trix
156,Beatrice,Trixie
157,Belinda,Belle
158,Belinda,Linda
159,Benedict,Ben
160,Benedict,Bennie
161,Benjamin,Ben
162,Benjamin,Benjy
163,Benjamin,Bennie
164,Benjamin,Jamie
165,Bernard,Barney
166,Bernard,Berney
167,Bernard,Bernie
168,Bertha,Bert
169,Bertha,Bertie
170,Bertha,Birdie
171,Bill,Fred
172,Billy,Fred
173,Bradford,Brad
174,Bradford,Ford
175,Bridget,Biddie
176,Bridget,Biddy
177,Bridget,Bridgie
178,Bridget,Bridie
179,Broderick,Brady
180,Broderick,Brody
181,Broderick,Rick
182,Broderick,Ricky
183,Calvin,Cal
184,Calvin,Vin
185,Calvin,Vinny
186,Cameron,Cam
187,Cameron,Ron
188,Cameron,Ronny
189,Camille,Cammie
190,Camille,Millie
191,Carol,Carrie
192,Carol,Cassie
193,Carol,Lynn
194,CarolAnn,Carol
195,CarolAnn,Carole
196,Caroline,Carol
197,Caroline,Carole
198,Caroline,Carrie
199,Caroline,Cassie
200,Caroline,Lynn
201,Carolyn,Carrie
202,Carolyn,Cassie
203,Carolyn,Lynn
204,Casey,K.C.
205,Cassandra,Cassie
206,Cassandra,Sandra
207,Cassandra,Sandy
208,Catherine,Cassie
209,Catherine,Cathy
210,Catherine,Kathy
211,Catherine,Katy
212,Catherine,Kay
213,Catherine,Kit
214,Catherine,Kittie
215,Catherine,Lena
216,Catherine,Trina
217,Cathleen,Cassie
218,Cathleen,Cathy
219,Cathleen,Kathy
220,Cathleen,Katy
221,Cathleen,Kay
222,Cathleen,Kit
223,Cathleen,Kittie
224,Cathleen,Lena
225,Cathleen,Trina
226,Cecilia,Celia
227,Cecilia,Cissy
228,Cedric,Ced
229,Cedric,Rick
230,Cedric,Ricky
231,Charles,Carl
232,Charles,Charlie
233,Charles,Chick
234,Charles,Chuck
235,Charles,Chuck
236,Charlotte,Char
237,Charlotte,Lotta
238,Charlotte,Lottie
239,Charlotte,Sherry
240,Chauncey,Chan
241,Chester,Chet
242,Christa,Chris
243,Christian,Chris
244,Christian,Chris
245,Christian,Kit
246,Christiana,Ann
247,Christiana,Chris
248,Christiana,Christy
249,Christiana,Crissy
250,Christiana,Kris
251,Christiana,Kristy
252,Christiana,Tina
253,Christina,Chris
254,Christina,Christy
255,Christina,Crissy
256,Christina,Kris
257,Christina,Kristy
258,Christina,Tina
259,Christina,Tina
260,Christine,Chris
261,Christine,Chrissy
262,Christine,Crissy
263,Christine,Kris
264,Christine,Kristy
265,Christine,Tina
266,Christopher,Chris
267,Christopher,Kit
268,Clarence,Clair
269,Clarence,Clare
270,Clarinda,Clara
271,Clarissa,Cissy
272,Clarissa,Clara
273,Clement,Clem
274,Clement,Clem
275,Clifford,Cliff
276,Clifford,Ford
277,Clifton,Cliff
278,Clifton,Tony
279,Columbus,Clum
280,Conrad,Con
281,Conrad,Conny
282,Constance,Connie
283,Cordelia,Cordy
284,Cordelia,Delia
285,Cornelia,Cornie
286,Cornelia,Corny
287,Cornelia,Nelia
288,Cornelia,Nelle
289,Cornelia,Nelly
290,Cornelius,Con
291,Cornelius,Conny
292,Cornelius,Corny
293,Cornelius,Niel
294,Courtney,Court
295,Courtney,Curt
296,Curtis,Curt
297,Cynthia,Cindy
298,Cynthia,Cindy
299,Cynthia,Cintha
300,Cyrenius,Cene
301,Cyrenius,Cy
302,Cyrenius,Renius
303,Cyrenius,Serene
304,Cyrenius,Swene
305,Dal,Dahl
306,Dalton,Dahl
307,Daniel,Dan
308,Daniel,Danny
309,Darlene,Darry
310,Darlene,Lena
311,David,Dave
312,David,Davey
313,David,Day
314,Debora,Deb
315,Debora,Debbie
316,Debora,Debby
317,Deborah,Deb
318,Deborah,Debbie
319,Deborah,Debby
320,Debra,Deb
321,Debra,Debbie
322,Delbert,Bert
323,Delbert,Del
324,Deliverance,Della
325,Deliverance,Delly
326,Deliverance,Dilly
327,Delores,Dee
328,Delores,Dell
329,Delores,Della
330,Delores,Lola
331,Delores,Lolly
332,Dennis,Denny
333,Dennison,Denny
334,Derrick,Eric
335,Derrick,Rick
336,Derrick,Rick
337,Derrick,Ricky
338,Dicey,Dicie
339,Domenic,Dom
340,Dominic,Dom
341,Donald,Don
342,Donald,Donnie
343,Donald,Donny
344,Donald,Dony
345,Dorcus,Darkey
346,Dorothy,Dolly
347,Dorothy,Dortha
348,Dorothy,Dot
349,Dorothy,Dotty
350,Ebenezer,Eb
351,Ebenezer,Ebbie
352,Ebenezer,Eben
353,Edgar,Ed
354,Edgar,Eddie
355,Edgar,Eddy
356,Edith,Edie
357,Edith,Edie
358,Edith,Edye
359,Edmond,Ed
360,Edmond,Eddie
361,Edmond,Eddy
362,Edmund,Ed
363,Edmund,Ed
364,Edmund,Eddie
365,Edmund,Eddy
366,Edmund,Ned
367,Edmund,Ted
368,Eduardo,Ed
369,Eduardo,Eddie
370,Eduardo,Eddy
371,Edward,Ed
372,Edward,Eddie
373,Edward,Eddy
374,Edward,Ned
375,Edward,Ted
376,Edward,Teddy
377,Edwin,Ed
378,Edwin,Eddie
379,Edwin,Eddy
380,Edwin,Ned
381,Edwin,Win
382,Edyth,Edie
383,Edyth,Edye
384,Edythe,Edie
385,Edythe,Edye
386,Elbert,Albert
387,Eleanor,Elaine
388,Eleanor,Ellen
389,Eleanor,Ellen
390,Eleanor,Ellie
391,Eleanor,Lanna
392,Eleanor,Lenora
393,Eleanor,Nelly
394,Eleanor,Nora
395,Eleazer,Lazar
396,Elias,Eli
397,Elias,Lee
398,Elias,Lias
399,Elijah,Eli
400,Elijah,Lige
401,Eliphalet,Left
402,Elisha,Eli
403,Elisha,Lish
404,Elizabeth,Bess
405,Elizabeth,Bessie
406,Elizabeth,Beth
407,Elizabeth,Betsy
408,Elizabeth,Betty
409,Elizabeth,Eliza
410,Elizabeth,Lib
411,Elizabeth,Libby
412,Elizabeth,Lisa
413,Elizabeth,Liz
414,Elizabeth,Liza
415,Elizabeth,Lizzie
416,Elisabeth,Bess
417,Elisabeth,Bessie
418,Elisabeth,Beth
419,Elisabeth,Betsy
420,Elisabeth,Betty
421,Elisabeth,Eliza
422,Elisabeth,Lib
423,Elisabeth,Libby
424,Elisabeth,Lisa
425,Elisabeth,Liz
426,Elisabeth,Liza
427,Elisabeth,Lizzie
428,Ellswood,Elsey
429,Elmira,Ellie
430,Elmira,Elly
431,Elmira,Mira
432,Elouise,Louise
433,Elsie,Elsey
434,Elswood,Elsey
435,Elwood,Woody
436,Elze,Elsey
437,Emanuel,Manny
438,Emanuel,Manuel
439,Emeline,Em
440,Emeline,Emily
441,Emeline,Emma
442,Emeline,Emmy
443,Emeline,Milly
444,Emily,Emma
445,Emily,Emmy
446,Emily,Millie
447,Epaphroditius,Dite
448,Epaphroditius,Ditus
449,Epaphroditius,Dyce
450,Epaphroditius,Dyche
451,Epaphroditius,Eppa
452,Ephraim,Eph
453,Eric,Rick
454,Eric,Ricky
455,Ernest,Ernie
456,Estella,Essy
457,Estella,Stella
458,Estelle,Essy
459,Estelle,Stella
460,Eugene,Gene
461,Evaline,Eva
462,Evaline,Eve
463,Evaline,Lena
464,Ezekiel,Ez
465,Ezekiel,Zeke
466,Ezra,Ez
467,Faith,Fay
468,Feltie,Felty
469,Ferdinand,Ferdie
470,Ferdinand,Fred
471,Ferdinand,Freddie
472,Ferdinand,Freddy
473,Fidelia,Delia
474,Florence,Flo
475,Florence,Flora
476,Florence,Flossy
477,Frances,Cissy
478,Frances,Fanny
479,Frances,Fran
480,Frances,Francie
481,Frances,Frankie
482,Frances,Frannie
483,Frances,Franniey
484,Frances,Sis
485,Francine,Fran
486,Francine,Francie
487,Francine,Frannie
488,Francine,Franniey
489,Francis,Fran
490,Francis,Fran
491,Francis,Frank
492,Francis,Frankie
493,Franklin,Fran
494,Franklin,Frank
495,Franklind,Frank
496,Frederick,Fred
497,Frederick,Fred
498,Frederick,Freddie
499,Frederick,Freddy
500,Frederick,Freddy
501,Frederick,Fritz
502,Fredericka,Freda
503,Fredericka,Freddy
504,Fredericka,Frieda
505,Fredericka,Ricka
506,Frieda,Fred
507,Frieda,Freddie
508,Frieda,Freddy
509,Gabriel,Gabby
510,Gabriel,Gabe
511,Gabriella,Ella
512,Gabriella,Gabby
513,Gabrielle,Ella
514,Gabrielle,Gabby
515,Genevieve,Eve
516,Genevieve,Jean
517,Genevieve,Jenny
518,Geoffrey,Geoff
519,Geoffrey,Jeff
520,Gerald,Gerry
521,Gerald,Jerry
522,Geraldine,Dina
523,Geraldine,Gerrie
524,Geraldine,Gerry
525,Geraldine,Jerry
526,Gertrude,Gert
527,Gertrude,Gertie
528,Gertrude,Trudy
529,Gilbert,Bert
530,Gilbert,Bert
531,Gilbert,Gil
532,Gilbert,Wilber
533,Gwendolyn,Gwen
534,Gwendolyn,Wendy
535,Hannah,Anna
536,Hannah,Nan
537,Hannah,Nanny
538,Harold,Hal
539,Harold,Harry
540,Harriet,Hattie
541,Helen,Ella
542,Helen,Ellen
543,Helen,Ellie
544,Helen,Lena
545,Helene,Ella
546,Helene,Ellen
547,Helene,Ellie
548,Helene,Lena
549,Heloise,Eloise
550,Heloise,Elouise
551,Heloise,Lois
552,Henrietta,Etta
553,Henrietta,Etty
554,Henrietta,Hank
555,Henrietta,Nettie
556,Henrietta,Retta
557,Henry,Hal
558,Henry,Hank
559,Henry,Harry
560,Hephsibah,Hipsie
561,Hepsibah,Hipsie
562,Herbert,Bert
563,Herbert,Herb
564,Hermione,Hermie
565,Hester,Esther
566,Hester,Hessy
567,Hester,Hetty
568,Hezekiah,Hez
569,Hezekiah,Hy
570,Hezekiah,Kiah
571,Hiram,Hy
572,Hopkins,Hop
573,Hopkins,Hopp
574,Horace,Horry
575,Hubert,Bert
576,Hubert,Bert
577,Hubert,Hub
578,Hubert,Hugh
579,Ignatius,Iggy
580,Ignatius,Nace
581,Ignatius,Nate
582,Ignatius,Natius
583,Irene,Rena
584,Irving,Irv
585,Isaac,Ike
586,Isaac,Zeke
587,Isabel,Bell
588,Isabel,Bella
589,Isabel,Belle
590,Isabel,Ib
591,Isabel,Issy
592,Isabel,Nib
593,Isabel,Nibby
594,Isabel,Tibbie
595,Isabella,Bella
596,Isabella,Belle
597,Isabella,Ib
598,Isabella,Issy
599,Isabella,Nib
600,Isabella,Nibby
601,Isabella,Tibbie
602,Isabelle,Bella
603,Isabelle,Belle
604,Isabelle,Ib
605,Isabelle,Issy
606,Isabelle,Nib
607,Isabelle,Nibby
608,Isabelle,Tibbie
609,Isadora,Dora
610,Isadora,Issy
611,Isidore,Izzy
612,Jacob,Jaap
613,Jacob,Jake
614,Jacob,Jay
615,Jacob,Jay
616,Jacobus,Jacob
617,James,Jamie
618,James,Jem
619,James,Jim
620,James,Jimmie
621,James,Jimmy
622,Jane,Janie
623,Jane,Jean
624,Jane,Jennie
625,Jane,Jessie
626,Janet,Jan
627,Janet,Jan
628,Janet,Jessie
629,Janice,Jan
630,Jean,Jane
631,Jean,Jeannie
632,Jeanette,Janet
633,Jeanette,Jean
634,Jeanette,Jessie
635,Jeanette,Nettie
636,Jeanne,Jane
637,Jeanne,Jeannie
638,Jedidiah,Jed
639,Jefferson,Jeff
640,Jefferson,Sonny
641,Jeffrey,Geoff
642,Jeffrey,Jeff
643,Jeffrey,Jeff
644,Jehiel,Hiel
645,Jemima,Mima
646,Jennifer,Jennie
647,Jeremiah,Jereme
648,Jeremiah,Jerry
649,Jessica,Jessie
650,Joan,Jo
651,Joan,Nonie
652,Joann,Jo
653,Joanna,Hannah
654,Joanna,Jo
655,Joanna,Joan
656,Joanna,Jody
657,Joanne,Jo
658,Johanna,Jo
659,Johannah,Hannah
660,Johannah,Joan
661,Johannah,Jody
662,Johannah,Nonie
663,John,Jack
664,John,Jock
665,John,Johnny
666,Jon,John
667,Jon,Nathan
668,Jonathan,John
669,Jonathan,Nathan
670,Joseph,Jody
671,Joseph,Joe
672,Joseph,Joey
673,Joseph,Jos
674,Josephine,Fina
675,Josephine,Jo
676,Josephine,Jody
677,Josephine,Joey
678,Josephine,Josey
679,Joshua,Jos
680,Joshua,Josh
681,Josiah,Jos
682,Joyce,Joy
683,Juanita,Nettie
684,Juanita,Nita
685,Judson,Jud
686,Judson,Sonny
687,Julia,Jill
688,Julia,Julie
689,Julian,Jule
690,Julias,Jule
691,Junior,JR
692,Junior,June
693,Junior,Junie
694,Kasey,K.C.
695,Katelin,Kate
696,Katelin,Kay
697,Katelin,Kaye
698,Katelyn,Kate
699,Katelyn,Kay
700,Katelyn,Kaye
701,Katherine,Cassie
702,Katherine,Cathy
703,Katherine,Kate
704,Katherine,Kathy
705,Katherine,Katy
706,Katherine,Kay
707,Katherine,Kaye
708,Katherine,Kit
709,Katherine,Kittie
710,Katherine,Lena
711,Katherine,Trina
712,Kathleen,Cassie
713,Kathleen,Cathy
714,Kathleen,Kathy
715,Kathleen,Kathy
716,Kathleen,Katy
717,Kathleen,Kay
718,Kathleen,Kit
719,Kathleen,Kittie
720,Kathleen,Lena
721,Kathleen,Trina
722,Kathryn,Kathy
723,Kendall,Ken
724,Kendall,Kenny
725,Kenneth,Ken
726,Kenneth,Kendrick
727,Kenneth,Kenny
728,Kent,Ken
729,Kent,Kendrick
730,Kent,Kenny
731,Keziah,Kizza
732,Keziah,Kizzie
733,Kimberley,Kim
734,Kimberly,Kim
735,Kingsley,King
736,Kingston,King
737,Kristen,Chris
738,Kristin,Chris
739,Kristine,Chris
740,Kristine,Christy
741,Kristine,Crissy
742,Kristine,Kris
743,Kristine,Kristy
744,Kristine,Tina
745,Kristy,Chris
746,Lafayette,Fate
747,Lafayette,Laffie
748,Lamont,Monty
749,Laurence,Larry
750,Laurence,Lon
751,Laurence,Lonny
752,Laurence,Lorne
753,Laurence,Lorry
754,Lavina,Ina
755,Lavina,Vina
756,Lavina,Viney
757,Lavinia,Ina
758,Lavinia,Vina
759,Lavinia,Viney
760,Lawrence,Larry
761,Lawrence,Lon
762,Lawrence,Lonny
763,Lawrence,Lorne
764,Lawrence,Lorry
765,Lemuel,Lem
766,Lenora,Lee
767,Lenora,Nora
768,Leonard,Len
769,Leonard,Lenny
770,Leonard,Leo
771,Leonard,Leon
772,Leonard,Lineau
773,LeRoy,L.R.
774,LeRoy,Lee
775,LeRoy,Roy
776,Leslie,Les
777,Lester,Les
778,Letitia,Lettice
779,Letitia,Lettie
780,Letitia,Tish
781,Letitia,Titia
782,Levi,Lee
783,Lidia,Lyddy
784,Lillah,Lil
785,Lillah,Lilly
786,Lillah,Lily
787,Lillah,Lolly
788,Lillian,Lil
789,Lillian,Lilly
790,Lillian,Lolly
791,Lincoln,Link
792,Linda,Lindy
793,Linda,Lynn
794,Lisa,Alice
795,Lisa,Melissa
796,Lois,Louise
797,Lorenzo,Loren
798,Loretta,Etta
799,Loretta,Lorrie
800,Loretta,Retta
801,Lorraine,Lorrie
802,Louisa,Eliza
803,Louisa,Lois
804,Louisa,Lou
805,Louise,Eliza
806,Louise,Lois
807,Louise,Lou
808,Lucas,Luke
809,Lucias,Luke
810,Lucille,Cille
811,Lucille,Lou
812,Lucille,Lu
813,Lucille,Lucy
814,Lucinda,Cindy
815,Lucinda,Lou
816,Lucinda,Lu
817,Lucinda,Lucy
818,Luella,Ella
819,Luella,Lu
820,Luella,Lula
821,Luther,Luke
822,Lydia,Lyddy
823,Lyndon,Lindy
824,Lyndon,Lynn
825,Madeline,Lena
826,Madeline,Maddy
827,Madeline,Madge
828,Madeline,Magda
829,Madeline,Maggie
830,Magdelina,Lena
831,Magdelina,Madge
832,Magdelina,Magda
833,Mahala,Hallie
834,Marcus,Mark
835,Margaret,Daisy
836,Margaret,Gretta
837,Margaret,Madge
838,Margaret,Maggie
839,Margaret,Maggy
840,Margaret,Marge
841,Margaret,Margery
842,Margaret,Margie
843,Margaret,Margie
844,Margaret,Margy
845,Margaret,Meg
846,Margaret,Midge
847,Margaret,Peg
848,Margaret,Peggy
849,Margaret,Peggy
850,Margaret,Rita
851,Margaretta,Daisy
852,Margaretta,Gretta
853,Margaretta,Madge
854,Margaretta,Maggie
855,Margaretta,Marge
856,Margaretta,Margery
857,Margaretta,Margie
858,Margaretta,Meg
859,Margaretta,Midge
860,Margaretta,Peg
861,Margaretta,Peggy
862,Margaretta,Rita
863,Marjorie,Margie
864,Marjorie,Margy
865,Martha,Marty
866,Martha,Mat
867,Martha,Mattie
868,Martha,Patsy
869,Martha,Patty
870,Martin,Marty
871,Martina,Tina
872,Marvin,Marv
873,Mary,Mae
874,Mary,Mamie
875,Mary,Mitzi
876,Mary,Molly
877,Mary,Polly
878,Matilda,Matty
879,Matilda,Maud
880,Matilda,Tilly
881,Matthew,Matt
882,Matthew,Mattie
883,Matthew,Matty
884,Matthew,Thias
885,Matthew,Thys
886,Matthias,Matt
887,Matthias,Thias
888,Matthias,Thys
889,Maurice,Morey
890,Mehitabel,Hetty
891,Mehitabel,Hitty
892,Mehitabel,Mabel
893,Mehitabel,Mitty
894,Melinda,Linda
895,Melinda,Lindy
896,Melinda,Lindy
897,Melinda,Lynn
898,Melinda,Mel
899,Melinda,Mindy
900,Melissa,Lisa
901,Melissa,Lissa
902,Melissa,Mel
903,Melissa,Milly
904,Melissa,Missy
905,Mervyn,Merv
906,Michael,Micah
907,Michael,Mick
908,Michael,Micky
909,Michael,Mike
910,Michelle,Mickey
911,Mildred,Milly
912,Millicent,Milly
913,Millicent,Missy
914,Minerva,Minnie
915,Miranda,Mandy
916,Miranda,Mira
917,Miranda,Randy
918,Miriam,Mimi
919,Miriam,Mitzi
920,Mitchell,Mitch
921,Montgomery,Gum
922,Montgomery,Monty
923,Morris,Morey
924,Nancy,Ann
925,Nancy,Nan
926,Nancy,Nan
927,Napoleon,Leon
928,Napoleon,Nap
929,Napoleon,Nappy
930,Natalie,Natty
931,Natalie,Nettie
932,Nathan,Nat
933,Nathan,Nate
934,Nathaniel,Nat
935,Nathaniel,Nate
936,Nathaniel,Nathan
937,Nathaniel,Natty
938,Nathaniel,Than
939,Nicholas,Claas
940,Nicholas,Claes
941,Nicholas,Nick
942,Norbert,Bert
943,Norbert,Norby
944,Obadiah,Diah
945,Obadiah,Dyer
946,Obadiah,Obed
947,Obadiah,Obie
948,Olive,Livia
949,Olive,Nollie
950,Olive,Ollie
951,Oliver,Ollie
952,Olivia,Livia
953,Olivia,Nollie
954,Olivia,Ollie
955,Oswald,Ossy
956,Oswald,Ozzy
957,Oswald,Waldo
958,Pamela,Pam
959,Parmelia,Amelia
960,Parmelia,Melia
961,Parmelia,Milly
962,Patience,Pat
963,Patience,Patty
964,Patricia,Pat
965,Patricia,Patsy
966,Patricia,Patty
967,Patricia,Tricia
968,Patrick,Paddy
969,Patrick,Pat
970,Patrick,Pate
971,Patrick,Patsy
972,Patrick,Peter
973,Paula,Lina
974,Paula,Polly
975,Paulina,Lina
976,Paulina,Polly
977,Pelegrine,Perry
978,Penelope,Penny
979,Percival,Percy
980,Peter,Pate
981,Peter,Pete
982,Peter,Pete
983,Peter,Pete
984,Philetus,Leet
985,Philetus,Phil
986,Philinda,Linda
987,Philinda,Lindy
988,Philinda,Lynn
989,Philip,Phil
990,Phillip,Phil
991,Phillip,Phil
992,Prescott,Pres
993,Prescott,Scott
994,Prescott,Scotty
995,Priscilla,Cilla
996,Priscilla,Cissy
997,Priscilla,Prissy
998,Prudence,Prudy
999,Prudence,Prue
1000,Rachel,Shelly
1001,Rafaela,Rafa
1002,Randolph,Dolph
1003,Randolph,Randy
1004,Raphael,Ralph
1005,Raymond,Ray
1006,Raymond,Ray
1007,Raymond,Ray
1008,Rebecca,Becca
1009,Rebecca,Beck
1010,Rebecca,Becky
1011,Rebecca,Reba
1012,Regina,Gina
1013,Regina,Reggie
1014,Reginald,Naldo
1015,Reginald,Reg
1016,Reginald,Reggie
1017,Reginald,Renny
1018,Relief,Leafa
1019,Reuben,Rube
1020,Ricardo,Rick
1021,Ricardo,Ricky
1022,Richard,Dick
1023,Richard,Dickie
1024,Richard,Dickon
1025,Richard,Dicky
1026,Richard,Rich
1027,Richard,Rick
1028,Richard,Rick
1029,Richard,Rick
1030,Richard,Ricky
1031,Richard,Ricky
1032,Robert,Bob
1033,Robert,Bobby
1034,Robert,Dob
1035,Robert,Dobbin
1036,Robert,Hob
1037,Robert,Hobkin
1038,Robert,Rob
1039,Robert,Rob
1040,Roberta,Bert
1041,Roberta,Bertie
1042,Roberta,Birdie
1043,Roberta,Bobbie
1044,Roberta,Bobbie
1045,Roberta,Robbie
1046,Rodger,Bobby
1047,Rodger,Hodge
1048,Rodger,Robby
1049,Rodger,Robin
1050,Rodger,Rod
1051,Rodger,Roge
1052,Rodger,Rupert
1053,Roger,Bobby
1054,Roger,Hodge
1055,Roger,Robby
1056,Roger,Robin
1057,Roger,Rod
1058,Roger,Roge
1059,Roger,Rupert
1060,Roland,Lanny
1061,Roland,Orlando
1062,Roland,Rollo
1063,Roland,Rolly
1064,Ronald,Naldo
1065,Ronald,Ron
1066,Ronald,Ron
1067,Ronald,Ron
1068,Ronald,Ronny
1069,Ronald,Ronny
1070,Ronald,Ronny
1071,Rosabel,Belle
1072,Rosabel,Rosa
1073,Rosabel,Rose
1074,Rosabel,Roz
1075,Rosabella,Belle
1076,Rosabella,Rosa
1077,Rosabella,Rose
1078,Rosabella,Roz
1079,Rosalinda,Linda
1080,Rosalinda,Rosa
1081,Rosalinda,Rose
1082,Rosalinda,Roz
1083,Rosalyn,Linda
1084,Rosalyn,Rosa
1085,Rosalyn,Rose
1086,Rosalyn,Roz
1087,Roseann,Ann
1088,Roseann,Rose
1089,Roseann,Rosie
1090,Roseann,Roz
1091,Roseanna,Ann
1092,Roseanna,Rose
1093,Roseanna,Rosie
1094,Roseanna,Roz
1095,Roseanne,Ann
1096,Roxanna,Ann
1097,Roxanna,Rose
1098,Roxanna,Roxie
1099,Roxanne,Ann
1100,Roxanne,Rose
1101,Roxanne,Roxie
1102,Rudolph,Dolph
1103,Rudolph,Olph
1104,Rudolph,Rolf
1105,Rudolph,Rudy
1106,Rudolphus,Dolph
1107,Rudolphus,Olph
1108,Rudolphus,Rolf
1109,Rudolphus,Rudy
1110,Russell,Russ
1111,Russell,Russ
1112,Russell,Rusty
1113,Sabrina,Brina
1114,Samuel,Sam
1115,Samuel,Sam
1116,Samuel,Sammy
1117,Samuel,Sammy
1118,Sandra,Cassandra
1119,Sandra,Sandy
1120,Sarah,Sadie
1121,Sarah,Sally
1122,Serena,Rena
1123,Seymour,Morey
1124,Seymour,See
1125,Shelton,Shel
1126,Shelton,Shelly
1127,Shelton,Tony
1128,Sheridan,Dan
1129,Sheridan,Danny
1130,Sheridan,Sher
1131,Shirley,Lee
1132,Shirley,Sherry
1133,Shirley,Shirl
1134,Sidney,Sid
1135,Sidney,Syd
1136,Silas,Si
1137,Simeon,Si
1138,Simeon,Sion
1139,Simon,Si
1140,Simon,Sion
1141,Smith,Smitty
1142,Solomon,Sal
1143,Solomon,Salmon
1144,Solomon,Saul
1145,Solomon,Sol
1146,Solomon,Solly
1147,Solomon,Zolly
1148,Sophia,Sophie
1149,Stephan,Steve
1150,Stephen,Steph
1151,Stephen,Steve
1152,Steven,Steph
1153,Steven,Steve
1154,Stuart,Stu
1155,Submit,Mitty
1156,Sullivan,Sully
1157,Sullivan,Van
1158,Susan,Hannah
1159,Susan,Sue
1160,Susan,Sukey
1161,Susan,Susie
1162,Susan,Suzie
1163,Susannah,Hannah
1164,Susannah,Sue
1165,Susannah,Sukey
1166,Susannah,Susie
1167,Sylvester,Si
1168,Sylvester,Sly
1169,Sylvester,Sy
1170,Sylvester,Syl
1171,Sylvester,Vessie
1172,Sylvester,Vester
1173,Sylvester,Vet
1174,Tabitha,Tabby
1175,Terence,Terry
1176,Teresa,Terry
1177,Thaddeus,Thad
1178,Theodore,Ted
1179,Theodore,Ted
1180,Theodore,Teddy
1181,Theodore,Teddy
1182,Theodore,Theo
1183,Theresa,Terry
1184,Theresa,Tess
1185,Theresa,Tessa
1186,Theresa,Tessie
1187,Theresa,Thirza
1188,Theresa,Thursa
1189,Theresa,Tracy
1190,Thom,Tom
1191,Thom,Tommy
1192,Thomas,Thom
1193,Thomas,Thom
1194,Thomas,Tom
1195,Thomas,Tom
1196,Thomas,Tom
1197,Thomas,Tommy
1198,Thomas,Tommy
1199,Thomas,Tommy
1200,Timothy,Tim
1201,Timothy,Tim
1202,Timothy,Tim
1203,Timothy,Timmy
1204,Timothy,Timmy
1205,Timothy,Timmy
1206,Tobias,Bias
1207,Tobias,Toby
1208,Tryphena,Phena
1209,Uriah,Riah
1210,Valentine,Felty
1211,Valeri,Val
1212,Valerie,Val
1213,Valerie,Val
1214,Valerie,Val
1215,Vanessa,Essa
1216,Vanessa,Nessa
1217,Vanessa,Vanna
1218,Veronica,Franky
1219,Veronica,Frony
1220,Veronica,Ron
1221,Veronica,Ronie
1222,Veronica,Ronna
1223,Veronica,Ronnie
1224,Veronica,Ronnie
1225,Veronica,Vonnie
1226,Victor,Vic
1227,Victoria,Torie
1228,Victoria,Tory
1229,Victoria,Vic
1230,Victoria,Vicki
1231,Victoria,Vicky
1232,Vincent,Vic
1233,Vincent,Vin
1234,Vincent,Vince
1235,Vincent,Vinnie
1236,Vincent,Vinny
1237,Vincenzo,Vic
1238,Vincenzo,Vin
1239,Vincenzo,Vinnie
1240,Vincenzo,Vinny
1241,Vinson,Vinny
1242,Virginia,Ginger
1243,Virginia,Ginny
1244,Virginia,Jane
1245,Virginia,Jennie
1246,Virginia,Virgy
1247,Wallace,Wally
1248,Walter,Wally
1249,Walter,Walt
1250,Washington,Wash
1251,Wilber,Bert
1252,Wilber,Will
1253,Wilbur,Willie
1254,Wilbur,Willy
1255,Wilfred,Fred
1256,Wilfred,Will
1257,Wilfred,Willie
1258,Wilhelmina,Mina
1259,Wilhelmina,Minnie
1260,Wilhelmina,Willie
1261,Wilhelmina,Wilma
1262,Will,Fred
1263,William,Bela
1264,William,Bell
1265,William,Bill
1266,William,Billy
1267,William,Will
1268,William,Willie
1269,William,Willy
1270,Willie,Fred
1271,Wilson,Will
1272,Wilson,Willie
1273,Wilson,Willy
1274,Winfield,Field
1275,Winfield,Win
1276,Winfield,Winny
1277,Winifred,Freddie
1278,Winifred,Winnet
1279,Winifred,Winnie
1280,Winnifred,Fred
1281,Winnifred,Freddie
1282,Winnifred,Freddy
1283,Winnifred,Winnie
1284,Winnifred,Winny
1285,Woodrow,Drew
1286,Woodrow,Wood
1287,Woodrow,Woody
1288,Yvonne,Vonna
1289,Zachariah,Zach
1290,Zachariah,Zachy
1291,Zachariah,Zeke
1292,Zebedee,Zeb
1293,Zedediah,Diah
1294,Zedediah,Dyer
1295,Zedediah,Zed
1296,Zephaniah,Zeph
1297,cheryl,sheryl
1298,sheryl,sher
1299,cher,sher
1300,anne,ann
1301,Ron,Ronnie
1302,Eb,Ebbie
1303,Ada,Addy
1304,Dell,Della
1305,Adele,Dell
1306,Addy,Adele
1307,Philly,Delphia
1308,Al,Bert
1309,Bert,Bertie
1310,Rich,Riche
1311,Al,Alex
1312,Fred,Freddy
1313,Freda,Frieda
1314,Lon,Lonzo
1315,Manda,Mandy
1316,Emily,Mel
1317,Andy,Drew
1318,Nancy,Nanny
1319,Bella,Belle
1320,Ara,Arry
1321,Ara,Belle
1322,Gus,Gussie
1323,Babs,Bab
1324,Babs,Barby
1325,Bab,Barby
1326,Trix,Trixie
1327,Ben,Bennie
1328,Jamie,Ben
1329,Berney,Bernie
1330,Brad,Ford
1331,Biddie,Biddy
1332,Brady,Brody
1333,Rick,Ricky
1334,Vin,Vinny
1335,Ron,Ronny
1336,Carrie,Cassie
1337,Carol,Carole
1338,Cathy,Kathy
1339,Katy,Kathy
1340,Kit,Kittie
1341,Charlie,Chuck
1342,Lotta,Lottie
1343,Christy,Crissy
1344,Kris,Chris
1345,Clair,Clare
1346,Clare,Clara
1347,Clair,Clara
1348,Cliff,Cliff
1349,Con,Conny
1350,Nelle,Nelly
1351,Dan,Danny
1352,Debbie,Deb
1353,Debbie,Debby
1354,Debby,Deb
1355,Donnie,Donny
1356,Dot,Dotty
1357,Ed,Eddie
1358,Ed,Eddy
1359,Eddie,Eddy
1360,Ted,Teddy
1361,Bess,Bessie
1362,Beth,Betsy
1363,Beth,Betty
1364,Lib,Libby
1365,Lisa,Liz
1366,Lisa,Lizzie
1367,Lizzie,Liz
1368,Ellie,Elly
1369,Manny,Manuel
1370,Emma,Emmy
1371,Eva,Eve
1372,Fran,Frannie
1373,Frankie,Frank
1374,Gabby,Gabe
1375,Geoff,Jeff
1376,Gerry,Jerry
1377,Gert,Gertie
1378,Gwen,Wendy
1379,Ella,Ellen
1380,Lena,Ellen
1381,Jim,Jimmie
1382,Jerry,Jereme
1383,Jody,Jo
1384,Joe,Joey
1385,Julie,Jule
1386,Kate,Kay
1387,Kenny,Ken
1388,Kendrick,Ken
1389,Kendrick,Kenny
1390,Leo,Leon
1391,Lil,Lilly
1392,Lil,Lily
1393,Lilly,Lily
1394,Lindy,Lynn
1395,Lois,Lou
1396,Lou,Lu
1397,Maddy,Madge
1398,Marge,Margery
1399,Margie,Margie
1400,Peg,Peggy
1401,Mat,Mattie
1402,Patsy,Patty
1403,Mick,Micky
1404,Mike,Mick
1405,Mike,Micky
1406,Gum,Monty
1407,Waldo,Ossy
1408,Waldo,Ozzy
1409,Ossy,Ozzy
1410,Pat,Pat
1411,Becca,Beck
1412,Beck,Becky
1413,Reba,Becca
1414,Reba,Beck
1415,Reg,Reggie
1416,Dick,Rick
1417,Rich,Rick
1418,Rich,Dick
1419,Ricky,Dick
1420,Ricky,Rich
1421,Bob,Rob
1422,Bobby,Rob
1423,Bobby,Bob
1424,Bert,Bob
1425,Bert,Bobby
1426,Rosa,Rose
1427,Rose,Rosie
1428,Sam,Sammy
1429,Sue,Susie
1430,Susie,Suzie
1431,Tom,Tommy
1432,Tim,Timmy
1433,Vic,Vicki
1434,Vic,Vicky
1435,Vicki,Vicky
1436,Vince,Vinnie
1437,Wally,Walt
1438,Will,Willie
1439,Bill,Willie
1440,Bill,Billy
1441,Will,Bill
1442,Nick,Nik
1443,Nik,Nick
1444,Alexandre,Alex
1445,Alexandre,Xander
1446,Arthur,Art
1447,Arthur,Toto
1448,Adam,Adi
1449,Adam,Addy
1450,Antoine,Tonio
1451,Antoine,Toine
1452,Ava,Avy
1453,Ava,Avo
1454,Adrien,Didi
1455,Adrien,Rien
1456,Agathe,Aga
1457,Agathe,Agie
1458,Axel,Axl
1459,Axel,Lex
1460,Ambre,Ambi
1461,Ambre,Ambou
1462,Antonia,Toni
1463,Antonia,Nia
1464,Amélie,Mimi
1465,Amélie,Mélie
1466,Auguste,Gus
1467,Auguste,Tito
1468,Alizée,Ali
1469,Alizée,Zézé
1470,Anaïs,Ana
1471,Anaïs,Nana
1472,Adèle,Adé
1473,Adèle,Didi
1474,Andréa,Déa
1475,Andréa,Dédé
1476,Aurélie,Auré
1477,Aurélie,Lily
1478,Arnaud,Nono
1479,Arnaud,Naud
1480,Alice,Ali
1481,Alice,Lili
1482,Baptiste,Bap
1483,Baptiste,Tito
1484,Bérénice,Bébé
1485,Bérénice,Nini
1486,Benjamin,Ben
1487,Benjamin,Benji
1488,Bianca,Bia
1489,Bianca,Nana
1490,Basile,Bas
1491,Basile,Lilo
1492,Blanche,Bla
1493,Blanche,Blanchou
1494,Bastien,Bas
1495,Bastien,Titi
1496,Brigitte,Bri
1497,Brigitte,Gigi
1498,Bastien,Bast
1499,Bastien,Titi
1500,Béatrice,Béa
1501,Béatrice,Trice
1502,Boris,Bobo
1503,Boris,Riri
1504,Bénédicte,Béné
1505,Bénédicte,Didi
1506,Brice,Bri
1507,Brice,Cici
1508,Bérangère,Bébé
1509,Bérangère,Nanou
1510,Bruno,Bru
1511,Bruno,Nono
1512,Bianca,Bia
1513,Bianca,Nana
1514,Baptiste,Bap
1515,Baptiste,Tito
1516,Blaise,Bla
1517,Blaise,Zézé
1518,Blandine,Béa
1519,Blandine,Didi
1520,Céline,Cé
1521,Céline,Line
1522,Clément,Clem
1523,Clément,Mimi
1524,Charlotte,Charly
1525,Charlotte,Lottie
1526,Cyril,Cy
1527,Cyril,Riri
1528,Camille,Cam
1529,Camille,Mimi
1530,Cédric,Cé
1531,Cédric,Didi
1532,Caroline,Caro
1533,Caroline,Line
1534,Cédric,Cé
1535,Cédric,Didi
1536,Cécile,Cé
1537,Cécile,Cilou
1538,Christophe,Chris
1539,Christophe,Tof
1540,Claire,Clairou
1541,Claire,Clarinette
1542,Corentin,Core
1543,Corentin,Tintin
1544,Coralie,Coco
1545,Coralie,Lili
1546,Charles,Charly
1547,Charles,Chacha
1548,Chloé,Chlo
1549,Chloé,Coco
1550,Cyrille,Cy
1551,Cyrille,Riri
1552,Cassandra,Cassy
1553,Cassandra,Sandra
1554,Céleste,Cé
1555,Céleste,Lulu
1556,Céline,Cé
1557,Céline,Line
1558,David,Dav
1559,David,Didi
1560,Daphné,Daph
1561,Daphné,NéNé
1562,Denis,Den
1563,Denis,Dédé
1564,Delphine,Del
1565,Delphine,Phinou
1566,Damien,Dam
1567,Damien,Mimi
1568,Danielle,Dani
1569,Danielle,Ella
1570,Dorian,Dor
1571,Dorian,Riri
1572,Dorothée,Dodo
1573,Dorothée,Théo
1574,Dominique,Dom
1575,Dominique,Nini
1576,Dimitri,Dim
1577,Dimitri,Mimi
1578,Déborah,Débo
1579,Déborah,Bobo
1580,Dylan,Dyl
1581,Dylan,Didi
1582,Diane,Dia
1583,Diane,Nana
1584,Daniel,Dan
1585,Daniel,Danny
1586,Daisy,Dai
1587,Daisy,Isa
1588,Diego,Die
1589,Diego,Gogo
1590,Dolores,Dolo
1591,Dolores,Lola
1592,Doriane,Dor
1593,Doriane,Nini
1594,Davy,Dav
1595,Davy,Vivi
1596,Élise,Éli
1597,Élise,Lili
1598,Éric,Éri
1599,Éric,Ricou
1600,Emilie,Émi
1601,Emilie,Mimi
1602,Ethan,Eth
1603,Ethan,Titi
1604,Élodie,Élo
1605,Élodie,Lolo
1606,Erwan,Erw
1607,Erwan,Wawa
1608,Estelle,Est
1609,Estelle,Stella
1610,Edouard,Édou
1611,Edouard,Doudou
1612,Eléonore,Élé
1613,Eléonore,Nono
1614,Eva,Éva
1615,Eva,Evie
1616,Emmanuel,Éman
1617,Emmanuel,Manu
1618,Emeline,Éme
1619,Emeline,Lili
1620,Ethan,Eth
1621,Ethan,Titi
1622,Élisabeth,Éli
1623,Élisabeth,Lili
1624,Enzo,Enz
1625,Enzo,Zozo
1626,Eugénie,Eugé
1627,Eugénie,Nini
1628,Emilien,Émi
1629,Emilien,Lien
1630,Émilie,Émi
1631,Émilie,Mimi
1632,Étienne,Éti
1633,Étienne,Tiou
1634,Éléonore,Élé
1635,Éléonore,Nono
1636,Fabien,Fab
1637,Fabien,Bibi
1638,Fanny,Fan
1639,Fanny,Nanou
1640,Florian,Flori
1641,Florian,Nini
1642,Frédéric,Fred
1643,Frédéric,Rico
1644,Flore,Flo
1645,Flore,Lolotte
1646,Félix,Fé
1647,Félix,Lili
1648,Fabrice,Fab
1649,Fabrice,Ricou
1650,Fiona,Fio
1651,Fiona,Nana
1652,François,Franck
1653,François,Fanfan
1654,Fatima,Fati
1655,Fatima,Tima
1656,Flavie,Fla
1657,Flavie,Vivi
1658,Frédérique,Fred
1659,Frédérique,Rico
1660,Félix,Fé
1661,Félix,Lili
1662,Fernand,Fern
1663,Fernand,Nando
1664,Fleur,Fleur
1665,Fleur,Lulu
1666,Floriane,Flori
1667,Floriane,Nini
1668,Félix,Fé
1669,Félix,Lili
1670,Fanny,Fan
1671,Fanny,Nanou
1672,Gaston,Gas
1673,Gaston,Tonton
1674,Gérald,Gé
1675,Gérald,Rara
1676,Gabrielle,Gab
1677,Gabrielle,Gaby
1678,Guillaume,Gui
1679,Guillaume,Will
1680,Gisèle,Gis
1681,Gisèle,Lulu
1682,Grégoire,Grégo
1683,Grégoire,Riri
1684,Gwendoline,Gwen
1685,Gwendoline,Linou
1686,Gérard,Gérard
1687,Gérard,Gégé
1688,Gladys,Gla
1689,Gladys,Lala
1690,Guillaume,Gui
1691,Guillaume,Will
1692,Ginette,Gin
1693,Ginette,Nette
1694,Gilles,Gil
1695,Gilles,Lolo
1696,Gisèle,Gis
1697,Gisèle,Lulu
1698,Géraldine,Gé
1699,Géraldine,Rara
1700,Gaston,Gas
1701,Gaston,Tonton
1702,Gérard,Gérard
1703,Gérard,Gégé
1704,Gérald,Gé
1705,Gérald,Rara
1706,Gabriel,Gab
1707,Gabriel,Gaby
1708,Gladys,Gla
1709,Gladys,Lala
1710,Hugo,Hug
1711,Hugo,Gogo
1712,Hélène,Hé
1713,Hélène,Lé
1714,Henri,Hen
1715,Henri,Ricou
1716,Hannah,Han
1717,Hannah,Nanou
1718,Hubert,Hub
1719,Hubert,Bert
1720,Hélène,Hé
1721,Hélène,Lé
1722,Hadrien,Hadri
1723,Hadrien,Didi
1724,Héloïse,Hélo
1725,Héloïse,Lo
1726,Hervé,Her
1727,Hervé,Véro
1728,Hélène,Hé
1729,Hélène,Lé
1730,Harold,Haro
1731,Harold,Roro
1732,Héloïse,Hélo
1733,Héloïse,Lo
1734,Hervé,Her
1735,Hervé,Véro
1736,Hannah,Han
1737,Hannah,Nanou
1738,Hugo,Hug
1739,Hugo,Gogo
1740,Henriette,Hen
1741,Henriette,Riette
1742,Hugo,Hug
1743,Hugo,Gogo
1744,Hélène,Hé
1745,Hélène,Lé
1746,Hannah,Han
1747,Hannah,Nanou
1748,Isabelle,Isa
1749,Isabelle,Belle
1750,Igor,Igo
1751,Igor,Iggy
1752,Irène,Iré
1753,Irène,Rénie
1754,Inès,Iné
1755,Inès,Nénette
1756,Isidore,Isi
1757,Isidore,Dodo
1758,Isabelle,Isa
1759,Isabelle,Belle
1760,Isaac,Isa
1761,Isaac,Zaza
1762,Irina,Iri
1763,Irina,Riri
1764,Isaac,Isa
1765,Isaac,Zaza
1766,Isidore,Isi
1767,Isidore,Dodo
1768,Isabelle,Isa
1769,Isabelle,Belle
1770,Ingrid,Ing
1771,Ingrid,Gridou
1772,Ivan,Iva
1773,Ivan,Vava
1774,Irène,Iré
1775,Irène,Rénie
1776,Isidore,Isi
1777,Isidore,Dodo
1778,Isaïe,Isa
1779,Isaïe,Isaï
1780,Isabelle,Isa
1781,Isabelle,Belle
1782,Igor,Igo
1783,Igor,Iggy
1784,Inès,Iné
1785,Inès,Nénette
1786,Jean,Jean-Jean
1787,Jean,Jiji
1788,Julie,Ju
1789,Julie,LiLi
1790,Jérôme,JéJé
1791,Jérôme,Momo
1792,Joséphine,Jo
1793,Joséphine,Fifi
1794,Jonathan,Jon
1795,Jonathan,Nathan
1796,Jade,Jade
1797,Jade,Dédé
1798,Julien,Ju
1799,Julien,Lolo
1800,Jasmine,Jas
1801,Jasmine,Minnie
1802,Jordan,Jor
1803,Jordan,Dan
1804,Johanne,Jojo
1805,Johanne,Hannie
1806,Jack,Jacky
1807,Jack,Coco
1808,Justine,Ju
1809,Justine,Tine
1810,Jacques,Jaco
1811,Jacques,Kiki
1812,Jade,Jade
1813,Jade,Dédé
1814,Jules,Ju
1815,Jules,Lili
1816,Jessica,Jess
1817,Jessica,Sica
1818,Justin,Jus
1819,Justin,Tintin
1820,Juliette,Ju
1821,Juliette,Lili
1822,Jérémie,JéJé
1823,Jérémie,Mimi
1824,José,Jo
1825,José,Pepito
1826,Joseph,Jojo
1827,Joseph,Djo
1828,Karine,Ka
1829,Karine,Riri
1830,Kévin,Ké
1831,Kévin,Vinou
1832,Katherine,Kat
1833,Katherine,Rinou
1834,Kilian,Kil
1835,Kilian,Kiki
1836,Kelly,Kel
1837,Kelly,Lili
1838,Karl,Kar
1839,Karl,Kiki
1840,Katia,Kat
1841,Katia,Titi
1842,Kylian,Kyl
1843,Kylian,Lili
1844,Karine,Ka
1845,Karine,Riri
1846,Kévin,Ké
1847,Kévin,Vinou
1848,Kévin,Ké
1849,Kévin,Vinou
1850,Katherine,Kat
1851,Katherine,Rinou
1852,Kim,Kim
1853,Kim,Kimy
1854,Kilian,Kil
1855,Kilian,Kiki
1856,Kelly,Kel
1857,Kelly,Lili
1858,Karl,Kar
1859,Karl,Kiki
1860,Katia,Kat
1861,Katia,Titi
1862,Kylian,Kyl
1863,Kylian,Lili
1864,Karine,Ka
1865,Karine,Riri
1866,Lucas,Luc
1867,Lucas,Lulu
1868,Léa,Lé
1869,Léa,Lili
1870,Louis,Lou
1871,Louis,Loulou
1872,Lola,Lo
1873,Lola,Lili
1874,Léo,Léo
1875,Léo,Loulou
1876,Laura,Lau
1877,Laura,Lolo
1878,Lucie,Luci
1879,Lucie,Lulu
1880,Léon,Lé
1881,Léon,Nonno
1882,Léonie,Lé
1883,Léonie,Nonie
1884,Lilian,Lil
1885,Lilian,Nono
1886,Laure,Lau
1887,Laure,Lolotte
1888,Léandre,Léa
1889,Léandre,Lolo
1890,Léna,Lé
1891,Léna,Nana
1892,Louis,Lou
1893,Louis,Loulou
1894,Lily,Lil
1895,Lily,Lili
1896,Louise,Lou
1897,Louise,Isou
1898,Léna,Lé
1899,Léna,Nana
1900,Lorenzo,Lo
1901,Lorenzo,Enzo
1902,Léandre,Léa
1903,Léandre,Lolo
1904,Lucas,Luc
1905,Lucas,Lulu
1906,Lola,Lo
1907,Lola,Lili
1908,Maxime,Max
1909,Maxime,Mimou
1910,Manon,Man
1911,Manon,Nonie
1912,Marius,Mari
1913,Marius,Riri
1914,Mélanie,Méla
1915,Mélanie,Lili
1916,Mathis,Mat
1917,Mathis,Titi
1918,Mélanie,Méla
1919,Mélanie,Lili
1920,Mathilde,Mathi
1921,Mathilde,Titi
1922,Martin,Marti
1923,Martin,Tintin
1924,Maeva,Mae
1925,Maeva,Eva
1926,Matthieu,Mat
1927,Matthieu,Titi
1928,Morgane,Mor
1929,Morgane,Nana
1930,Maxence,Max
1931,Maxence,Enzo
1932,Manuel,Manu
1933,Manuel,Nono
1934,Marine,Mari
1935,Marine,Minie
1936,Mehdi,Meh
1937,Mehdi,Didi
1938,Morgane,Mor
1939,Morgane,Nana
1940,Matéo,Mat
1941,Matéo,Titi
1942,Maëlle,Maë
1943,Maëlle,Lili
1944,Matilda,Mat
1945,Matilda,Titi
1946,Mélissa,Méli
1947,Mélissa,Lili
1948,Maxime,Max
1949,Maxime,Mimou
1950,Manon,Man
1951,Manon,Nonie
1952,Nathan,Nath
1953,Nathan,Than
1954,Nina,Nin
1955,Nina,Nini
1956,Nicolas,Nico
1957,Nicolas,Colas
1958,Noémie,Noé
1959,Noémie,Mimi
1960,Nolan,No
1961,Nolan,Nono
1962,Nathalie,Nath
1963,Nathalie,Lili
1964,Naomi,Nao
1965,Naomi,Mi
1966,Nils,Nil
1967,Nils,Lili
1968,Nora,Nor
1969,Nora,Nono
1970,Nino,Nin
1971,Nino,Nono
1972,Nathanaël,Natha
1973,Nathanaël,Naël
1974,Nolwenn,Nol
1975,Nolwenn,Wenny
1976,Norah,Nor
1977,Norah,Nono
1978,Noé,No
1979,Noé,NoNoé
1980,Nelly,Nel
1981,Nelly,Lili
1982,Nathan,Nath
1983,Nathan,Than
1984,Nina,Nin
1985,Nina,Nini
1986,Nicolas,Nico
1987,Nicolas,Colas
1988,Noémie,Noé
1989,Noémie,Mimi
1990,Nolan,No
1991,Nolan,Nono
1992,Olivier,Oliv
1993,Olivier,Lolo
1994,Océane,Océ
1995,Océane,CéCé
1996,Oscar,Os
1997,Oscar,Caro
1998,Olivia,Oli
1999,Olivia,Lili
2000,Octave,Octa
2001,Octave,Titi
2002,Odile,Odi
2003,Odile,Lili
2004,Owen,Ow
2005,Owen,Wenny
2006,Océane,Océ
2007,Océane,CéCé
2008,Pierre,Pierro
2009,Pierre,Pierrot
2010,Paul,Paulou
2011,Paul,Lulu
2012,Philippe,Phil
2013,Philippe,Flip
2014,Paola,Pao
2015,Paola,Lola
2016,Pascal,Pasc
2017,Pascal,Caca
2018,Prune,Pru
2019,Prune,Nini
2020,Quentin,Quen
2021,Quentin,Tinou
2022,Quincy,Quin
2023,Quincy,Cy
2024,Quitterie,Quit
2025,Quitterie,Titi
2026,Rémi,Ré
2027,Rémi,Mimou
2028,Rose,Ros
2029,Rose,Rosy
2030,Raphaël,Raph
2031,Raphaël,Fifi
2032,Romane,Rom
2033,Romane,Manou
2034,Robin,Rob
2035,Robin,Bibi
2036,Roxane,Rox
2037,Roxane,Nanou
2038,Romain,Rom
2039,Romain,Tintin
2040,Rosalie,Rosa
2041,Rosalie,Lili
2042,Rodrigue,Rod
2043,Rodrigue,Riri
2044,Rachel,Rach
2045,Rachel,Chacha
2046,Ruben,Rub
2047,Ruben,Ben
2048,Romaine,Rom
2049,Romaine,Manou
2050,Rudy,Rud
2051,Rudy,Dudu
2052,Rita,Ri
2053,Rita,Titi
2054,Rodolphe,Rod
2055,Rodolphe,Riri
2056,Rebecca,Rebe
2057,Rebecca,Becca
2058,Robin,Rob
2059,Robin,Bibi
2060,Roxane,Rox
2061,Roxane,Nanou
2062,Romuald,Romu
2063,Romuald,Mumu
2064,Samuel,Sam
2065,Samuel,Sammy
2066,Sofia,Sof
2067,Sofia,Fifi
2068,Simon,Sim
2069,Simon,Monmon
2070,Sarah,Sar
2071,Sarah,Sasa
2072,Stéphane,Stéph
2073,Stéphane,Titi
2074,Solène,Sol
2075,Solène,Lili
2076,Sylvain,Sylv
2077,Sylvain,Vinou
2078,Sophie,Soph
2079,Sophie,FiFi
2080,Sacha,Sach
2081,Sacha,Chacha
2082,Sébastien,Séb
2083,Sébastien,Bast
2084,Samantha,Sam
2085,Samantha,Mantha
2086,Séverine,Sév
2087,Séverine,Vivi
2088,Théo,Thé
2089,Théo,Titi
2090,Tatiana,Tata
2091,Tatiana,Titi
2092,Tristan,Tris
2093,Tristan,Titi
2094,Tiphaine,Tip
2095,Tiphaine,Fifi
2096,Thomas,Thom
2097,Thomas,Tom
2098,Tamara,Tama
2099,Tamara,Mamie
2100,Timothée,Tim
2101,Timothée,TiTi
2102,Théodore,Théo
2103,Théodore,Doudou
2104,Tessa,Tes
2105,Tessa,Tessou
2106,Thibault,Thib
2107,Thibault,Titi
2108,Tara,Tara
2109,Tara,Titi
2110,Thérèse,Thé
2111,Thérèse,Titi
2112,Tanguy,Tang
2113,Tanguy,Nono
2114,Tatiana,Tata
2115,Tatiana,Titi
2116,Tristan,Tris
2117,Tristan,Titi
2118,Tiphaine,Tip
2119,Tiphaine,Fifi
2120,Thomas,Thom
2121,Thomas,Tom
2122,Tamara,Tama
2123,Tamara,Mamie
2124,Timothée,Tim
2125,Timothée,TiTi
2126,Théodore,Théo
2127,Théodore,Doudou
2128,Tessa,Tes
2129,Tessa,Tessou
2130,Thibault,Thib
2131,Thibault,Titi
2132,Tara,Tara
2133,Tara,Titi
2134,Thérèse,Thé
2135,Thérèse,Titi
2136,Tanguy,Tang
2137,Tanguy,Nono
2138,Ulysse,Uly
2139,Ulysse,Sse
2140,Ursule,Urs
2141,Ursule,Lulu
2142,Ugo,Ugo
2143,Ugo,Gogo
2144,Ulrich,Ul
2145,Ulrich,Richou
2146,Ursula,Urs
2147,Ursula,Lulu
2148,Victor,Vic
2149,Victor,Vico
2150,Valérie,Val
2151,Valérie,Lili
2152,Vincent,Vin
2153,Vincent,Vinci
2154,Vanessa,Van
2155,Vanessa,Nessa
2156,Vivien,Viv
2157,Vivien,Nini
2158,Véronique,Véro
2159,Véronique,Nini
2160,Valentin,Val
2161,Valentin,Tintin
2162,Violette,Vio
2163,Violette,Lili
2164,Valérie,Val
2165,Valérie,Lili
2166,Vincent,Vin
2167,Vincent,Vinci
2168,Vanessa,Van
2169,Vanessa,Nessa
2170,Vivien,Viv
2171,Vivien,Nini
2172,Véronique,Véro
2173,Véronique,Nini
2174,Valentin,Val
2175,Valentin,Tintin
2176,Violette,Vio
2177,Violette,Lili
2178,Walter,Walt
2179,Walter,Wally
2180,Wendy,Wen
2181,Wendy,Wawa
2182,Wilfried,Wil
2183,Wilfried,Fredo
2184,Winston,Win
2185,Winston,Ston
2186,Wanda,Wan
2187,Wanda,Wawa
2188,Xavier,Xav
2189,Xavier,Xavi
2190,Xena,Xe
2191,Xena,Nana
2192,Xander,Xan
2193,Xander,Didi
2194,Ximena,Xim
2195,Ximena,Mimi
2196,Yannick,Yan
2197,Yannick,Yann
2198,Yannick,Nini
2199,Yasmine,Yas
2200,Yasmine,Mimi
2201,Yves,Yv
2202,Yves,Yoyo
2203,Yolande,Yola
2204,Yolande,Lulu
2205,Yoann,Yo
2206,Yoann,Nini
2207,Zacharie,Zach
2208,Zacharie,Zak
2209,Zoé,Zo
2210,Zoé,Zozo
2211,Zéphyrin,Zéph
2212,Zéphyrin,Zozo
2213,Zoé,Zo
2214,Zoé,Zozo

